filename,filepath,mod,effect,rolling,shuffle,disposable,merc_num,merc_short,merc_long,merc_spoiler
gh-am-p1-01.png,./modifier_cards/base/player/gh-am-p1-01.png,0,NA,FALSE,FALSE,FALSE,0,P1,Player 1,Player 1
gh-am-p1-02.png,./modifier_cards/base/player/gh-am-p1-02.png,0,NA,FALSE,FALSE,FALSE,0,P1,Player 1,Player 1
gh-am-p1-03.png,./modifier_cards/base/player/gh-am-p1-03.png,0,NA,FALSE,FALSE,FALSE,0,P1,Player 1,Player 1
gh-am-p1-04.png,./modifier_cards/base/player/gh-am-p1-04.png,0,NA,FALSE,FALSE,FALSE,0,P1,Player 1,Player 1
gh-am-p1-05.png,./modifier_cards/base/player/gh-am-p1-05.png,0,NA,FALSE,FALSE,FALSE,0,P1,Player 1,Player 1
gh-am-p1-06.png,./modifier_cards/base/player/gh-am-p1-06.png,0,NA,FALSE,FALSE,FALSE,0,P1,Player 1,Player 1
gh-am-p1-07.png,./modifier_cards/base/player/gh-am-p1-07.png,1,NA,FALSE,FALSE,FALSE,0,P1,Player 1,Player 1
gh-am-p1-08.png,./modifier_cards/base/player/gh-am-p1-08.png,1,NA,FALSE,FALSE,FALSE,0,P1,Player 1,Player 1
gh-am-p1-09.png,./modifier_cards/base/player/gh-am-p1-09.png,1,NA,FALSE,FALSE,FALSE,0,P1,Player 1,Player 1
gh-am-p1-10.png,./modifier_cards/base/player/gh-am-p1-10.png,1,NA,FALSE,FALSE,FALSE,0,P1,Player 1,Player 1
gh-am-p1-11.png,./modifier_cards/base/player/gh-am-p1-11.png,1,NA,FALSE,FALSE,FALSE,0,P1,Player 1,Player 1
gh-am-p1-12.png,./modifier_cards/base/player/gh-am-p1-12.png,-1,NA,FALSE,FALSE,FALSE,0,P1,Player 1,Player 1
gh-am-p1-13.png,./modifier_cards/base/player/gh-am-p1-13.png,-1,NA,FALSE,FALSE,FALSE,0,P1,Player 1,Player 1
gh-am-p1-14.png,./modifier_cards/base/player/gh-am-p1-14.png,-1,NA,FALSE,FALSE,FALSE,0,P1,Player 1,Player 1
gh-am-p1-15.png,./modifier_cards/base/player/gh-am-p1-15.png,-1,NA,FALSE,FALSE,FALSE,0,P1,Player 1,Player 1
gh-am-p1-16.png,./modifier_cards/base/player/gh-am-p1-16.png,-1,NA,FALSE,FALSE,FALSE,0,P1,Player 1,Player 1
gh-am-p1-17.png,./modifier_cards/base/player/gh-am-p1-17.png,-2,NA,FALSE,FALSE,FALSE,0,P1,Player 1,Player 1
gh-am-p1-18.png,./modifier_cards/base/player/gh-am-p1-18.png,2,NA,FALSE,FALSE,FALSE,0,P1,Player 1,Player 1
gh-am-p1-19.png,./modifier_cards/base/player/gh-am-p1-19.png,NA,miss,FALSE,TRUE,FALSE,0,P1,Player 1,Player 1
gh-am-p1-20.png,./modifier_cards/base/player/gh-am-p1-20.png,NA,crit,FALSE,TRUE,FALSE,0,P1,Player 1,Player 1
gh-am-p2-01.png,./modifier_cards/base/player/gh-am-p2-01.png,0,NA,FALSE,FALSE,FALSE,0,P2,Player 2,Player 2
gh-am-p2-02.png,./modifier_cards/base/player/gh-am-p2-02.png,0,NA,FALSE,FALSE,FALSE,0,P2,Player 2,Player 2
gh-am-p2-03.png,./modifier_cards/base/player/gh-am-p2-03.png,0,NA,FALSE,FALSE,FALSE,0,P2,Player 2,Player 2
gh-am-p2-04.png,./modifier_cards/base/player/gh-am-p2-04.png,0,NA,FALSE,FALSE,FALSE,0,P2,Player 2,Player 2
gh-am-p2-05.png,./modifier_cards/base/player/gh-am-p2-05.png,0,NA,FALSE,FALSE,FALSE,0,P2,Player 2,Player 2
gh-am-p2-06.png,./modifier_cards/base/player/gh-am-p2-06.png,0,NA,FALSE,FALSE,FALSE,0,P2,Player 2,Player 2
gh-am-p2-07.png,./modifier_cards/base/player/gh-am-p2-07.png,1,NA,FALSE,FALSE,FALSE,0,P2,Player 2,Player 2
gh-am-p2-08.png,./modifier_cards/base/player/gh-am-p2-08.png,1,NA,FALSE,FALSE,FALSE,0,P2,Player 2,Player 2
gh-am-p2-09.png,./modifier_cards/base/player/gh-am-p2-09.png,1,NA,FALSE,FALSE,FALSE,0,P2,Player 2,Player 2
gh-am-p2-10.png,./modifier_cards/base/player/gh-am-p2-10.png,1,NA,FALSE,FALSE,FALSE,0,P2,Player 2,Player 2
gh-am-p2-11.png,./modifier_cards/base/player/gh-am-p2-11.png,1,NA,FALSE,FALSE,FALSE,0,P2,Player 2,Player 2
gh-am-p2-12.png,./modifier_cards/base/player/gh-am-p2-12.png,-1,NA,FALSE,FALSE,FALSE,0,P2,Player 2,Player 2
gh-am-p2-13.png,./modifier_cards/base/player/gh-am-p2-13.png,-1,NA,FALSE,FALSE,FALSE,0,P2,Player 2,Player 2
gh-am-p2-14.png,./modifier_cards/base/player/gh-am-p2-14.png,-1,NA,FALSE,FALSE,FALSE,0,P2,Player 2,Player 2
gh-am-p2-15.png,./modifier_cards/base/player/gh-am-p2-15.png,-1,NA,FALSE,FALSE,FALSE,0,P2,Player 2,Player 2
gh-am-p2-16.png,./modifier_cards/base/player/gh-am-p2-16.png,-1,NA,FALSE,FALSE,FALSE,0,P2,Player 2,Player 2
gh-am-p2-17.png,./modifier_cards/base/player/gh-am-p2-17.png,-2,NA,FALSE,FALSE,FALSE,0,P2,Player 2,Player 2
gh-am-p2-18.png,./modifier_cards/base/player/gh-am-p2-18.png,2,NA,FALSE,FALSE,FALSE,0,P2,Player 2,Player 2
gh-am-p2-19.png,./modifier_cards/base/player/gh-am-p2-19.png,NA,miss,FALSE,TRUE,FALSE,0,P2,Player 2,Player 2
gh-am-p2-20.png,./modifier_cards/base/player/gh-am-p2-20.png,NA,crit,FALSE,TRUE,FALSE,0,P2,Player 2,Player 2
gh-am-p3-01.png,./modifier_cards/base/player/gh-am-p3-01.png,0,NA,FALSE,FALSE,FALSE,0,P3,Player 3,Player 3
gh-am-p3-02.png,./modifier_cards/base/player/gh-am-p3-02.png,0,NA,FALSE,FALSE,FALSE,0,P3,Player 3,Player 3
gh-am-p3-03.png,./modifier_cards/base/player/gh-am-p3-03.png,0,NA,FALSE,FALSE,FALSE,0,P3,Player 3,Player 3
gh-am-p3-04.png,./modifier_cards/base/player/gh-am-p3-04.png,0,NA,FALSE,FALSE,FALSE,0,P3,Player 3,Player 3
gh-am-p3-05.png,./modifier_cards/base/player/gh-am-p3-05.png,0,NA,FALSE,FALSE,FALSE,0,P3,Player 3,Player 3
gh-am-p3-06.png,./modifier_cards/base/player/gh-am-p3-06.png,0,NA,FALSE,FALSE,FALSE,0,P3,Player 3,Player 3
gh-am-p3-07.png,./modifier_cards/base/player/gh-am-p3-07.png,1,NA,FALSE,FALSE,FALSE,0,P3,Player 3,Player 3
gh-am-p3-08.png,./modifier_cards/base/player/gh-am-p3-08.png,1,NA,FALSE,FALSE,FALSE,0,P3,Player 3,Player 3
gh-am-p3-09.png,./modifier_cards/base/player/gh-am-p3-09.png,1,NA,FALSE,FALSE,FALSE,0,P3,Player 3,Player 3
gh-am-p3-10.png,./modifier_cards/base/player/gh-am-p3-10.png,1,NA,FALSE,FALSE,FALSE,0,P3,Player 3,Player 3
gh-am-p3-11.png,./modifier_cards/base/player/gh-am-p3-11.png,1,NA,FALSE,FALSE,FALSE,0,P3,Player 3,Player 3
gh-am-p3-12.png,./modifier_cards/base/player/gh-am-p3-12.png,-1,NA,FALSE,FALSE,FALSE,0,P3,Player 3,Player 3
gh-am-p3-13.png,./modifier_cards/base/player/gh-am-p3-13.png,-1,NA,FALSE,FALSE,FALSE,0,P3,Player 3,Player 3
gh-am-p3-14.png,./modifier_cards/base/player/gh-am-p3-14.png,-1,NA,FALSE,FALSE,FALSE,0,P3,Player 3,Player 3
gh-am-p3-15.png,./modifier_cards/base/player/gh-am-p3-15.png,-1,NA,FALSE,FALSE,FALSE,0,P3,Player 3,Player 3
gh-am-p3-16.png,./modifier_cards/base/player/gh-am-p3-16.png,-1,NA,FALSE,FALSE,FALSE,0,P3,Player 3,Player 3
gh-am-p3-17.png,./modifier_cards/base/player/gh-am-p3-17.png,-2,NA,FALSE,FALSE,FALSE,0,P3,Player 3,Player 3
gh-am-p3-18.png,./modifier_cards/base/player/gh-am-p3-18.png,2,NA,FALSE,FALSE,FALSE,0,P3,Player 3,Player 3
gh-am-p3-19.png,./modifier_cards/base/player/gh-am-p3-19.png,NA,miss,FALSE,TRUE,FALSE,0,P3,Player 3,Player 3
gh-am-p3-20.png,./modifier_cards/base/player/gh-am-p3-20.png,NA,crit,FALSE,TRUE,FALSE,0,P3,Player 3,Player 3
gh-am-p4-01.png,./modifier_cards/base/player/gh-am-p4-01.png,0,NA,FALSE,FALSE,FALSE,0,P4,Player 4,Player 4
gh-am-p4-02.png,./modifier_cards/base/player/gh-am-p4-02.png,0,NA,FALSE,FALSE,FALSE,0,P4,Player 4,Player 4
gh-am-p4-03.png,./modifier_cards/base/player/gh-am-p4-03.png,0,NA,FALSE,FALSE,FALSE,0,P4,Player 4,Player 4
gh-am-p4-04.png,./modifier_cards/base/player/gh-am-p4-04.png,0,NA,FALSE,FALSE,FALSE,0,P4,Player 4,Player 4
gh-am-p4-05.png,./modifier_cards/base/player/gh-am-p4-05.png,0,NA,FALSE,FALSE,FALSE,0,P4,Player 4,Player 4
gh-am-p4-06.png,./modifier_cards/base/player/gh-am-p4-06.png,0,NA,FALSE,FALSE,FALSE,0,P4,Player 4,Player 4
gh-am-p4-07.png,./modifier_cards/base/player/gh-am-p4-07.png,1,NA,FALSE,FALSE,FALSE,0,P4,Player 4,Player 4
gh-am-p4-08.png,./modifier_cards/base/player/gh-am-p4-08.png,1,NA,FALSE,FALSE,FALSE,0,P4,Player 4,Player 4
gh-am-p4-09.png,./modifier_cards/base/player/gh-am-p4-09.png,1,NA,FALSE,FALSE,FALSE,0,P4,Player 4,Player 4
gh-am-p4-10.png,./modifier_cards/base/player/gh-am-p4-10.png,1,NA,FALSE,FALSE,FALSE,0,P4,Player 4,Player 4
gh-am-p4-11.png,./modifier_cards/base/player/gh-am-p4-11.png,1,NA,FALSE,FALSE,FALSE,0,P4,Player 4,Player 4
gh-am-p4-12.png,./modifier_cards/base/player/gh-am-p4-12.png,-1,NA,FALSE,FALSE,FALSE,0,P4,Player 4,Player 4
gh-am-p4-13.png,./modifier_cards/base/player/gh-am-p4-13.png,-1,NA,FALSE,FALSE,FALSE,0,P4,Player 4,Player 4
gh-am-p4-14.png,./modifier_cards/base/player/gh-am-p4-14.png,-1,NA,FALSE,FALSE,FALSE,0,P4,Player 4,Player 4
gh-am-p4-15.png,./modifier_cards/base/player/gh-am-p4-15.png,-1,NA,FALSE,FALSE,FALSE,0,P4,Player 4,Player 4
gh-am-p4-16.png,./modifier_cards/base/player/gh-am-p4-16.png,-1,NA,FALSE,FALSE,FALSE,0,P4,Player 4,Player 4
gh-am-p4-17.png,./modifier_cards/base/player/gh-am-p4-17.png,-2,NA,FALSE,FALSE,FALSE,0,P4,Player 4,Player 4
gh-am-p4-18.png,./modifier_cards/base/player/gh-am-p4-18.png,2,NA,FALSE,FALSE,FALSE,0,P4,Player 4,Player 4
gh-am-p4-19.png,./modifier_cards/base/player/gh-am-p4-19.png,NA,miss,FALSE,TRUE,FALSE,0,P4,Player 4,Player 4
gh-am-p4-20.png,./modifier_cards/base/player/gh-am-p4-20.png,NA,crit,FALSE,TRUE,FALSE,0,P4,Player 4,Player 4
gh-am-pm-01.png,./modifier_cards/base/player-mod/gh-am-pm-01.png,NA,miss,FALSE,FALSE,TRUE,0,TEMP,TEMP,TEMP
gh-am-pm-02.png,./modifier_cards/base/player-mod/gh-am-pm-02.png,NA,miss,FALSE,FALSE,TRUE,0,TEMP,TEMP,TEMP
gh-am-pm-03.png,./modifier_cards/base/player-mod/gh-am-pm-03.png,NA,miss,FALSE,FALSE,TRUE,0,TEMP,TEMP,TEMP
gh-am-pm-04.png,./modifier_cards/base/player-mod/gh-am-pm-04.png,NA,miss,FALSE,FALSE,TRUE,0,TEMP,TEMP,TEMP
gh-am-pm-05.png,./modifier_cards/base/player-mod/gh-am-pm-05.png,NA,miss,FALSE,FALSE,TRUE,0,TEMP,TEMP,TEMP
gh-am-pm-06.png,./modifier_cards/base/player-mod/gh-am-pm-06.png,NA,miss,FALSE,FALSE,TRUE,0,TEMP,TEMP,TEMP
gh-am-pm-07.png,./modifier_cards/base/player-mod/gh-am-pm-07.png,NA,miss,FALSE,FALSE,TRUE,0,TEMP,TEMP,TEMP
gh-am-pm-08.png,./modifier_cards/base/player-mod/gh-am-pm-08.png,NA,miss,FALSE,FALSE,TRUE,0,TEMP,TEMP,TEMP
gh-am-pm-09.png,./modifier_cards/base/player-mod/gh-am-pm-09.png,NA,miss,FALSE,FALSE,TRUE,0,TEMP,TEMP,TEMP
gh-am-pm-10.png,./modifier_cards/base/player-mod/gh-am-pm-10.png,NA,miss,FALSE,FALSE,TRUE,0,TEMP,TEMP,TEMP
gh-am-pm-11.png,./modifier_cards/base/player-mod/gh-am-pm-11.png,NA,crit,FALSE,FALSE,TRUE,0,TEMP,TEMP,TEMP
gh-am-pm-12.png,./modifier_cards/base/player-mod/gh-am-pm-12.png,NA,crit,FALSE,FALSE,TRUE,0,TEMP,TEMP,TEMP
gh-am-pm-13.png,./modifier_cards/base/player-mod/gh-am-pm-13.png,NA,crit,FALSE,FALSE,TRUE,0,TEMP,TEMP,TEMP
gh-am-pm-14.png,./modifier_cards/base/player-mod/gh-am-pm-14.png,NA,crit,FALSE,FALSE,TRUE,0,TEMP,TEMP,TEMP
gh-am-pm-15.png,./modifier_cards/base/player-mod/gh-am-pm-15.png,NA,crit,FALSE,FALSE,TRUE,0,TEMP,TEMP,TEMP
gh-am-pm-16.png,./modifier_cards/base/player-mod/gh-am-pm-16.png,NA,crit,FALSE,FALSE,TRUE,0,TEMP,TEMP,TEMP
gh-am-pm-17.png,./modifier_cards/base/player-mod/gh-am-pm-17.png,NA,crit,FALSE,FALSE,TRUE,0,TEMP,TEMP,TEMP
gh-am-pm-18.png,./modifier_cards/base/player-mod/gh-am-pm-18.png,NA,crit,FALSE,FALSE,TRUE,0,TEMP,TEMP,TEMP
gh-am-pm-19.png,./modifier_cards/base/player-mod/gh-am-pm-19.png,NA,crit,FALSE,FALSE,TRUE,0,TEMP,TEMP,TEMP
gh-am-pm-20.png,./modifier_cards/base/player-mod/gh-am-pm-20.png,NA,crit,FALSE,FALSE,TRUE,0,TEMP,TEMP,TEMP
gh-am-pm-21.png,./modifier_cards/base/player-mod/gh-am-pm-21.png,-1,NA,FALSE,FALSE,FALSE,0,TEMP,TEMP,TEMP
gh-am-pm-22.png,./modifier_cards/base/player-mod/gh-am-pm-22.png,-1,NA,FALSE,FALSE,FALSE,0,TEMP,TEMP,TEMP
gh-am-pm-23.png,./modifier_cards/base/player-mod/gh-am-pm-23.png,-1,NA,FALSE,FALSE,FALSE,0,TEMP,TEMP,TEMP
gh-am-pm-24.png,./modifier_cards/base/player-mod/gh-am-pm-24.png,-1,NA,FALSE,FALSE,FALSE,0,TEMP,TEMP,TEMP
gh-am-pm-25.png,./modifier_cards/base/player-mod/gh-am-pm-25.png,-1,NA,FALSE,FALSE,FALSE,0,TEMP,TEMP,TEMP
gh-am-pm-26.png,./modifier_cards/base/player-mod/gh-am-pm-26.png,-1,NA,FALSE,FALSE,FALSE,0,TEMP,TEMP,TEMP
gh-am-pm-27.png,./modifier_cards/base/player-mod/gh-am-pm-27.png,-1,NA,FALSE,FALSE,FALSE,0,TEMP,TEMP,TEMP
gh-am-pm-28.png,./modifier_cards/base/player-mod/gh-am-pm-28.png,-1,NA,FALSE,FALSE,FALSE,0,TEMP,TEMP,TEMP
gh-am-pm-29.png,./modifier_cards/base/player-mod/gh-am-pm-29.png,-1,NA,FALSE,FALSE,FALSE,0,TEMP,TEMP,TEMP
gh-am-pm-30.png,./modifier_cards/base/player-mod/gh-am-pm-30.png,-1,NA,FALSE,FALSE,FALSE,0,TEMP,TEMP,TEMP
gh-am-pm-31.png,./modifier_cards/base/player-mod/gh-am-pm-31.png,-1,NA,FALSE,FALSE,FALSE,0,TEMP,TEMP,TEMP
gh-am-pm-32.png,./modifier_cards/base/player-mod/gh-am-pm-32.png,-1,NA,FALSE,FALSE,FALSE,0,TEMP,TEMP,TEMP
gh-am-pm-33.png,./modifier_cards/base/player-mod/gh-am-pm-33.png,-1,NA,FALSE,FALSE,FALSE,0,TEMP,TEMP,TEMP
gh-am-pm-34.png,./modifier_cards/base/player-mod/gh-am-pm-34.png,-1,NA,FALSE,FALSE,FALSE,0,TEMP,TEMP,TEMP
gh-am-pm-35.png,./modifier_cards/base/player-mod/gh-am-pm-35.png,-1,NA,FALSE,FALSE,FALSE,0,TEMP,TEMP,TEMP
gh-am-be-01.png,./modifier_cards/BE/gh-am-be-01.png,1,NA,FALSE,FALSE,FALSE,12,BE,Berserker,Lightning Bolts
gh-am-be-02.png,./modifier_cards/BE/gh-am-be-02.png,1,NA,FALSE,FALSE,FALSE,12,BE,Berserker,Lightning Bolts
gh-am-be-03.png,./modifier_cards/BE/gh-am-be-03.png,2,NA,TRUE,FALSE,FALSE,12,BE,Berserker,Lightning Bolts
gh-am-be-04.png,./modifier_cards/BE/gh-am-be-04.png,2,NA,TRUE,FALSE,FALSE,12,BE,Berserker,Lightning Bolts
gh-am-be-05.png,./modifier_cards/BE/gh-am-be-05.png,0,wound,TRUE,FALSE,FALSE,12,BE,Berserker,Lightning Bolts
gh-am-be-06.png,./modifier_cards/BE/gh-am-be-06.png,0,wound,TRUE,FALSE,FALSE,12,BE,Berserker,Lightning Bolts
gh-am-be-07.png,./modifier_cards/BE/gh-am-be-07.png,0,wound,TRUE,FALSE,FALSE,12,BE,Berserker,Lightning Bolts
gh-am-be-08.png,./modifier_cards/BE/gh-am-be-08.png,0,wound,TRUE,FALSE,FALSE,12,BE,Berserker,Lightning Bolts
gh-am-be-09.png,./modifier_cards/BE/gh-am-be-09.png,0,stun,TRUE,FALSE,FALSE,12,BE,Berserker,Lightning Bolts
gh-am-be-10.png,./modifier_cards/BE/gh-am-be-10.png,0,stun,TRUE,FALSE,FALSE,12,BE,Berserker,Lightning Bolts
gh-am-be-11.png,./modifier_cards/BE/gh-am-be-11.png,1,disarm,TRUE,FALSE,FALSE,12,BE,Berserker,Lightning Bolts
gh-am-be-12.png,./modifier_cards/BE/gh-am-be-12.png,0,heal1self,TRUE,FALSE,FALSE,12,BE,Berserker,Lightning Bolts
gh-am-be-13.png,./modifier_cards/BE/gh-am-be-13.png,0,heal1self,TRUE,FALSE,FALSE,12,BE,Berserker,Lightning Bolts
gh-am-be-14.png,./modifier_cards/BE/gh-am-be-14.png,2,infusefire,FALSE,FALSE,FALSE,12,BE,Berserker,Lightning Bolts
gh-am-be-15.png,./modifier_cards/BE/gh-am-be-15.png,2,infusefire,FALSE,FALSE,FALSE,12,BE,Berserker,Lightning Bolts
gh-am-br-01.png,./modifier_cards/BR/gh-am-br-01.png,1,NA,FALSE,FALSE,FALSE,1,BR,Brute,Horns
gh-am-br-02.png,./modifier_cards/BR/gh-am-br-02.png,1,NA,FALSE,FALSE,FALSE,1,BR,Brute,Horns
gh-am-br-03.png,./modifier_cards/BR/gh-am-br-03.png,1,NA,FALSE,FALSE,FALSE,1,BR,Brute,Horns
gh-am-br-04.png,./modifier_cards/BR/gh-am-br-04.png,1,NA,FALSE,FALSE,FALSE,1,BR,Brute,Horns
gh-am-br-05.png,./modifier_cards/BR/gh-am-br-05.png,1,NA,FALSE,FALSE,FALSE,1,BR,Brute,Horns
gh-am-br-06.png,./modifier_cards/BR/gh-am-br-06.png,1,NA,FALSE,FALSE,FALSE,1,BR,Brute,Horns
gh-am-br-07.png,./modifier_cards/BR/gh-am-br-07.png,3,NA,FALSE,FALSE,FALSE,1,BR,Brute,Horns
gh-am-br-08.png,./modifier_cards/BR/gh-am-br-08.png,0,push1,TRUE,FALSE,FALSE,1,BR,Brute,Horns
gh-am-br-09.png,./modifier_cards/BR/gh-am-br-09.png,0,push1,TRUE,FALSE,FALSE,1,BR,Brute,Horns
gh-am-br-10.png,./modifier_cards/BR/gh-am-br-10.png,0,push1,TRUE,FALSE,FALSE,1,BR,Brute,Horns
gh-am-br-11.png,./modifier_cards/BR/gh-am-br-11.png,0,push1,TRUE,FALSE,FALSE,1,BR,Brute,Horns
gh-am-br-12.png,./modifier_cards/BR/gh-am-br-12.png,0,push1,TRUE,FALSE,FALSE,1,BR,Brute,Horns
gh-am-br-13.png,./modifier_cards/BR/gh-am-br-13.png,0,push1,TRUE,FALSE,FALSE,1,BR,Brute,Horns
gh-am-br-14.png,./modifier_cards/BR/gh-am-br-14.png,0,pierce3,TRUE,FALSE,FALSE,1,BR,Brute,Horns
gh-am-br-15.png,./modifier_cards/BR/gh-am-br-15.png,0,pierce3,TRUE,FALSE,FALSE,1,BR,Brute,Horns
gh-am-br-16.png,./modifier_cards/BR/gh-am-br-16.png,0,stun,TRUE,FALSE,FALSE,1,BR,Brute,Horns
gh-am-br-17.png,./modifier_cards/BR/gh-am-br-17.png,0,stun,TRUE,FALSE,FALSE,1,BR,Brute,Horns
gh-am-br-18.png,./modifier_cards/BR/gh-am-br-18.png,0,disarm,TRUE,FALSE,FALSE,1,BR,Brute,Horns
gh-am-br-19.png,./modifier_cards/BR/gh-am-br-19.png,0,muddle,TRUE,FALSE,FALSE,1,BR,Brute,Horns
gh-am-br-20.png,./modifier_cards/BR/gh-am-br-20.png,0,addtarget,TRUE,FALSE,FALSE,1,BR,Brute,Horns
gh-am-br-21.png,./modifier_cards/BR/gh-am-br-21.png,0,addtarget,TRUE,FALSE,FALSE,1,BR,Brute,Horns
gh-am-br-22.png,./modifier_cards/BR/gh-am-br-22.png,1,shield1self,FALSE,FALSE,FALSE,1,BR,Brute,Horns
gh-am-bs-01.png,./modifier_cards/BS/gh-am-bs-01.png,1,infusewind,FALSE,FALSE,FALSE,18,BS,Bladeswarm,REDACTED
gh-am-bs-02.png,./modifier_cards/BS/gh-am-bs-02.png,1,infuseearth,FALSE,FALSE,FALSE,18,BS,Bladeswarm,REDACTED
gh-am-bs-03.png,./modifier_cards/BS/gh-am-bs-03.png,1,infusesun,FALSE,FALSE,FALSE,18,BS,Bladeswarm,REDACTED
gh-am-bs-04.png,./modifier_cards/BS/gh-am-bs-04.png,1,infusemoon,FALSE,FALSE,FALSE,18,BS,Bladeswarm,REDACTED
gh-am-bs-05.png,./modifier_cards/BS/gh-am-bs-05.png,0,heal1self,TRUE,FALSE,FALSE,18,BS,Bladeswarm,REDACTED
gh-am-bs-06.png,./modifier_cards/BS/gh-am-bs-06.png,0,heal1self,TRUE,FALSE,FALSE,18,BS,Bladeswarm,REDACTED
gh-am-bs-07.png,./modifier_cards/BS/gh-am-bs-07.png,0,heal1self,TRUE,FALSE,FALSE,18,BS,Bladeswarm,REDACTED
gh-am-bs-08.png,./modifier_cards/BS/gh-am-bs-08.png,0,heal1self,TRUE,FALSE,FALSE,18,BS,Bladeswarm,REDACTED
gh-am-bs-09.png,./modifier_cards/BS/gh-am-bs-09.png,0,wound,FALSE,FALSE,FALSE,18,BS,Bladeswarm,REDACTED
gh-am-bs-10.png,./modifier_cards/BS/gh-am-bs-10.png,0,wound,FALSE,FALSE,FALSE,18,BS,Bladeswarm,REDACTED
gh-am-bs-11.png,./modifier_cards/BS/gh-am-bs-11.png,0,poison,FALSE,FALSE,FALSE,18,BS,Bladeswarm,REDACTED
gh-am-bs-12.png,./modifier_cards/BS/gh-am-bs-12.png,0,poison,FALSE,FALSE,FALSE,18,BS,Bladeswarm,REDACTED
gh-am-bs-13.png,./modifier_cards/BS/gh-am-bs-13.png,2,muddle,FALSE,FALSE,FALSE,18,BS,Bladeswarm,REDACTED
gh-am-bs-14.png,./modifier_cards/BS/gh-am-bs-14.png,2,muddle,FALSE,FALSE,FALSE,18,BS,Bladeswarm,REDACTED
gh-am-bs-15.png,./modifier_cards/BS/gh-am-bs-15.png,1,NA,FALSE,FALSE,FALSE,18,BS,Bladeswarm,REDACTED
gh-am-bs-16.png,./modifier_cards/BS/gh-am-bs-16.png,1,NA,FALSE,FALSE,FALSE,18,BS,Bladeswarm,REDACTED
gh-am-bs-17.png,./modifier_cards/BS/gh-am-bs-17.png,0,NA,FALSE,FALSE,FALSE,18,BS,Bladeswarm,REDACTED
gh-am-bt-01.png,./modifier_cards/BT/gh-am-bt-01.png,1,NA,FALSE,FALSE,FALSE,17,BT,Beast Tyrant,Animal Face
gh-am-bt-02.png,./modifier_cards/BT/gh-am-bt-02.png,1,NA,FALSE,FALSE,FALSE,17,BT,Beast Tyrant,Animal Face
gh-am-bt-03.png,./modifier_cards/BT/gh-am-bt-03.png,1,NA,FALSE,FALSE,FALSE,17,BT,Beast Tyrant,Animal Face
gh-am-bt-04.png,./modifier_cards/BT/gh-am-bt-04.png,2,NA,FALSE,FALSE,FALSE,17,BT,Beast Tyrant,Animal Face
gh-am-bt-05.png,./modifier_cards/BT/gh-am-bt-05.png,2,NA,FALSE,FALSE,FALSE,17,BT,Beast Tyrant,Animal Face
gh-am-bt-06.png,./modifier_cards/BT/gh-am-bt-06.png,1,wound,FALSE,FALSE,FALSE,17,BT,Beast Tyrant,Animal Face
gh-am-bt-07.png,./modifier_cards/BT/gh-am-bt-07.png,1,wound,FALSE,FALSE,FALSE,17,BT,Beast Tyrant,Animal Face
gh-am-bt-08.png,./modifier_cards/BT/gh-am-bt-08.png,1,immobilize,FALSE,FALSE,FALSE,17,BT,Beast Tyrant,Animal Face
gh-am-bt-09.png,./modifier_cards/BT/gh-am-bt-09.png,1,immobilize,FALSE,FALSE,FALSE,17,BT,Beast Tyrant,Animal Face
gh-am-bt-10.png,./modifier_cards/BT/gh-am-bt-10.png,0,heal1self,TRUE,FALSE,FALSE,17,BT,Beast Tyrant,Animal Face
gh-am-bt-11.png,./modifier_cards/BT/gh-am-bt-11.png,0,heal1self,TRUE,FALSE,FALSE,17,BT,Beast Tyrant,Animal Face
gh-am-bt-12.png,./modifier_cards/BT/gh-am-bt-12.png,0,heal1self,TRUE,FALSE,FALSE,17,BT,Beast Tyrant,Animal Face
gh-am-bt-13.png,./modifier_cards/BT/gh-am-bt-13.png,0,heal1self,TRUE,FALSE,FALSE,17,BT,Beast Tyrant,Animal Face
gh-am-bt-14.png,./modifier_cards/BT/gh-am-bt-14.png,0,heal1self,TRUE,FALSE,FALSE,17,BT,Beast Tyrant,Animal Face
gh-am-bt-15.png,./modifier_cards/BT/gh-am-bt-15.png,0,heal1self,TRUE,FALSE,FALSE,17,BT,Beast Tyrant,Animal Face
gh-am-bt-16.png,./modifier_cards/BT/gh-am-bt-16.png,0,infuseearth,TRUE,FALSE,FALSE,17,BT,Beast Tyrant,Animal Face
gh-am-bt-17.png,./modifier_cards/BT/gh-am-bt-17.png,0,infuseearth,TRUE,FALSE,FALSE,17,BT,Beast Tyrant,Animal Face
gh-am-ch-01.png,./modifier_cards/CH/gh-am-ch-01.png,1,NA,FALSE,FALSE,FALSE,5,CH,Cragheart,Rocks
gh-am-ch-02.png,./modifier_cards/CH/gh-am-ch-02.png,1,NA,FALSE,FALSE,FALSE,5,CH,Cragheart,Rocks
gh-am-ch-03.png,./modifier_cards/CH/gh-am-ch-03.png,1,NA,FALSE,FALSE,FALSE,5,CH,Cragheart,Rocks
gh-am-ch-04.png,./modifier_cards/CH/gh-am-ch-04.png,-2,NA,FALSE,FALSE,FALSE,5,CH,Cragheart,Rocks
gh-am-ch-05.png,./modifier_cards/CH/gh-am-ch-05.png,2,NA,FALSE,FALSE,FALSE,5,CH,Cragheart,Rocks
gh-am-ch-06.png,./modifier_cards/CH/gh-am-ch-06.png,2,NA,FALSE,FALSE,FALSE,5,CH,Cragheart,Rocks
gh-am-ch-07.png,./modifier_cards/CH/gh-am-ch-07.png,1,immobilize,FALSE,FALSE,FALSE,5,CH,Cragheart,Rocks
gh-am-ch-08.png,./modifier_cards/CH/gh-am-ch-08.png,1,immobilize,FALSE,FALSE,FALSE,5,CH,Cragheart,Rocks
gh-am-ch-09.png,./modifier_cards/CH/gh-am-ch-09.png,2,muddle,FALSE,FALSE,FALSE,5,CH,Cragheart,Rocks
gh-am-ch-10.png,./modifier_cards/CH/gh-am-ch-10.png,2,muddle,FALSE,FALSE,FALSE,5,CH,Cragheart,Rocks
gh-am-ch-11.png,./modifier_cards/CH/gh-am-ch-11.png,0,push2,TRUE,FALSE,FALSE,5,CH,Cragheart,Rocks
gh-am-ch-12.png,./modifier_cards/CH/gh-am-ch-12.png,0,push2,TRUE,FALSE,FALSE,5,CH,Cragheart,Rocks
gh-am-ch-13.png,./modifier_cards/CH/gh-am-ch-13.png,0,infuseearth,TRUE,FALSE,FALSE,5,CH,Cragheart,Rocks
gh-am-ch-14.png,./modifier_cards/CH/gh-am-ch-14.png,0,infuseearth,TRUE,FALSE,FALSE,5,CH,Cragheart,Rocks
gh-am-ch-15.png,./modifier_cards/CH/gh-am-ch-15.png,0,infuseearth,TRUE,FALSE,FALSE,5,CH,Cragheart,Rocks
gh-am-ch-16.png,./modifier_cards/CH/gh-am-ch-16.png,0,infuseearth,TRUE,FALSE,FALSE,5,CH,Cragheart,Rocks
gh-am-ch-17.png,./modifier_cards/CH/gh-am-ch-17.png,0,infusewind,TRUE,FALSE,FALSE,5,CH,Cragheart,Rocks
gh-am-ch-18.png,./modifier_cards/CH/gh-am-ch-18.png,0,infusewind,TRUE,FALSE,FALSE,5,CH,Cragheart,Rocks
gh-am-ds-01.png,./modifier_cards/DS/gh-am-ds-01.png,1,NA,FALSE,FALSE,FALSE,14,DS,Doomstalker,Angry Face
gh-am-ds-02.png,./modifier_cards/DS/gh-am-ds-02.png,1,NA,FALSE,FALSE,FALSE,14,DS,Doomstalker,Angry Face
gh-am-ds-03.png,./modifier_cards/DS/gh-am-ds-03.png,1,NA,FALSE,FALSE,FALSE,14,DS,Doomstalker,Angry Face
gh-am-ds-04.png,./modifier_cards/DS/gh-am-ds-04.png,1,NA,FALSE,FALSE,FALSE,14,DS,Doomstalker,Angry Face
gh-am-ds-05.png,./modifier_cards/DS/gh-am-ds-05.png,1,NA,FALSE,FALSE,FALSE,14,DS,Doomstalker,Angry Face
gh-am-ds-06.png,./modifier_cards/DS/gh-am-ds-06.png,1,NA,FALSE,FALSE,FALSE,14,DS,Doomstalker,Angry Face
gh-am-ds-07.png,./modifier_cards/DS/gh-am-ds-07.png,1,NA,TRUE,FALSE,FALSE,14,DS,Doomstalker,Angry Face
gh-am-ds-08.png,./modifier_cards/DS/gh-am-ds-08.png,1,NA,TRUE,FALSE,FALSE,14,DS,Doomstalker,Angry Face
gh-am-ds-09.png,./modifier_cards/DS/gh-am-ds-09.png,1,NA,TRUE,FALSE,FALSE,14,DS,Doomstalker,Angry Face
gh-am-ds-10.png,./modifier_cards/DS/gh-am-ds-10.png,1,NA,TRUE,FALSE,FALSE,14,DS,Doomstalker,Angry Face
gh-am-ds-11.png,./modifier_cards/DS/gh-am-ds-11.png,2,muddle,FALSE,FALSE,FALSE,14,DS,Doomstalker,Angry Face
gh-am-ds-12.png,./modifier_cards/DS/gh-am-ds-12.png,1,poison,FALSE,FALSE,FALSE,14,DS,Doomstalker,Angry Face
gh-am-ds-13.png,./modifier_cards/DS/gh-am-ds-13.png,1,wound,FALSE,FALSE,FALSE,14,DS,Doomstalker,Angry Face
gh-am-ds-14.png,./modifier_cards/DS/gh-am-ds-14.png,1,immobilize,FALSE,FALSE,FALSE,14,DS,Doomstalker,Angry Face
gh-am-ds-15.png,./modifier_cards/DS/gh-am-ds-15.png,0,stun,FALSE,FALSE,FALSE,14,DS,Doomstalker,Angry Face
gh-am-ds-16.png,./modifier_cards/DS/gh-am-ds-16.png,0,addtarget,TRUE,FALSE,FALSE,14,DS,Doomstalker,Angry Face
gh-am-ds-17.png,./modifier_cards/DS/gh-am-ds-17.png,0,addtarget,TRUE,FALSE,FALSE,14,DS,Doomstalker,Angry Face
gh-am-el-01.png,./modifier_cards/EL/gh-am-el-01.png,1,NA,FALSE,FALSE,FALSE,16,EL,Elementalist,Triangles
gh-am-el-02.png,./modifier_cards/EL/gh-am-el-02.png,2,NA,FALSE,FALSE,FALSE,16,EL,Elementalist,Triangles
gh-am-el-03.png,./modifier_cards/EL/gh-am-el-03.png,2,NA,FALSE,FALSE,FALSE,16,EL,Elementalist,Triangles
gh-am-el-04.png,./modifier_cards/EL/gh-am-el-04.png,0,infusefire,FALSE,FALSE,FALSE,16,EL,Elementalist,Triangles
gh-am-el-05.png,./modifier_cards/EL/gh-am-el-05.png,0,infusefire,FALSE,FALSE,FALSE,16,EL,Elementalist,Triangles
gh-am-el-06.png,./modifier_cards/EL/gh-am-el-06.png,0,infusefire,FALSE,FALSE,FALSE,16,EL,Elementalist,Triangles
gh-am-el-07.png,./modifier_cards/EL/gh-am-el-07.png,0,infusefire,FALSE,FALSE,FALSE,16,EL,Elementalist,Triangles
gh-am-el-08.png,./modifier_cards/EL/gh-am-el-08.png,0,infuseice,FALSE,FALSE,FALSE,16,EL,Elementalist,Triangles
gh-am-el-09.png,./modifier_cards/EL/gh-am-el-09.png,0,infuseice,FALSE,FALSE,FALSE,16,EL,Elementalist,Triangles
gh-am-el-10.png,./modifier_cards/EL/gh-am-el-10.png,0,infuseice,FALSE,FALSE,FALSE,16,EL,Elementalist,Triangles
gh-am-el-11.png,./modifier_cards/EL/gh-am-el-11.png,0,infuseice,FALSE,FALSE,FALSE,16,EL,Elementalist,Triangles
gh-am-el-12.png,./modifier_cards/EL/gh-am-el-12.png,0,infusewind,FALSE,FALSE,FALSE,16,EL,Elementalist,Triangles
gh-am-el-13.png,./modifier_cards/EL/gh-am-el-13.png,0,infusewind,FALSE,FALSE,FALSE,16,EL,Elementalist,Triangles
gh-am-el-14.png,./modifier_cards/EL/gh-am-el-14.png,0,infusewind,FALSE,FALSE,FALSE,16,EL,Elementalist,Triangles
gh-am-el-15.png,./modifier_cards/EL/gh-am-el-15.png,0,infusewind,FALSE,FALSE,FALSE,16,EL,Elementalist,Triangles
gh-am-el-16.png,./modifier_cards/EL/gh-am-el-16.png,0,infuseearth,FALSE,FALSE,FALSE,16,EL,Elementalist,Triangles
gh-am-el-17.png,./modifier_cards/EL/gh-am-el-17.png,0,infuseearth,FALSE,FALSE,FALSE,16,EL,Elementalist,Triangles
gh-am-el-18.png,./modifier_cards/EL/gh-am-el-18.png,0,infuseearth,FALSE,FALSE,FALSE,16,EL,Elementalist,Triangles
gh-am-el-19.png,./modifier_cards/EL/gh-am-el-19.png,0,infuseearth,FALSE,FALSE,FALSE,16,EL,Elementalist,Triangles
gh-am-el-20.png,./modifier_cards/EL/gh-am-el-20.png,1,push1,FALSE,FALSE,FALSE,16,EL,Elementalist,Triangles
gh-am-el-21.png,./modifier_cards/EL/gh-am-el-21.png,1,push1,FALSE,FALSE,FALSE,16,EL,Elementalist,Triangles
gh-am-el-22.png,./modifier_cards/EL/gh-am-el-22.png,1,wound,FALSE,FALSE,FALSE,16,EL,Elementalist,Triangles
gh-am-el-23.png,./modifier_cards/EL/gh-am-el-23.png,0,stun,FALSE,FALSE,FALSE,16,EL,Elementalist,Triangles
gh-am-el-24.png,./modifier_cards/EL/gh-am-el-24.png,0,addtarget,FALSE,FALSE,FALSE,16,EL,Elementalist,Triangles
gh-am-mt-01.png,./modifier_cards/MT/gh-am-mt-01.png,2,NA,FALSE,FALSE,FALSE,6,MT,Mindthief,Brain
gh-am-mt-02.png,./modifier_cards/MT/gh-am-mt-02.png,2,NA,FALSE,FALSE,FALSE,6,MT,Mindthief,Brain
gh-am-mt-03.png,./modifier_cards/MT/gh-am-mt-03.png,0,NA,FALSE,FALSE,FALSE,6,MT,Mindthief,Brain
gh-am-mt-04.png,./modifier_cards/MT/gh-am-mt-04.png,2,infuseice,FALSE,FALSE,FALSE,6,MT,Mindthief,Brain
gh-am-mt-05.png,./modifier_cards/MT/gh-am-mt-05.png,2,infuseice,FALSE,FALSE,FALSE,6,MT,Mindthief,Brain
gh-am-mt-06.png,./modifier_cards/MT/gh-am-mt-06.png,1,NA,TRUE,FALSE,FALSE,6,MT,Mindthief,Brain
gh-am-mt-07.png,./modifier_cards/MT/gh-am-mt-07.png,1,NA,TRUE,FALSE,FALSE,6,MT,Mindthief,Brain
gh-am-mt-08.png,./modifier_cards/MT/gh-am-mt-08.png,1,NA,TRUE,FALSE,FALSE,6,MT,Mindthief,Brain
gh-am-mt-09.png,./modifier_cards/MT/gh-am-mt-09.png,1,NA,TRUE,FALSE,FALSE,6,MT,Mindthief,Brain
gh-am-mt-10.png,./modifier_cards/MT/gh-am-mt-10.png,0,push1,TRUE,FALSE,FALSE,6,MT,Mindthief,Brain
gh-am-mt-11.png,./modifier_cards/MT/gh-am-mt-11.png,0,push1,TRUE,FALSE,FALSE,6,MT,Mindthief,Brain
gh-am-mt-12.png,./modifier_cards/MT/gh-am-mt-12.png,0,push1,TRUE,FALSE,FALSE,6,MT,Mindthief,Brain
gh-am-mt-13.png,./modifier_cards/MT/gh-am-mt-13.png,0,muddle,TRUE,FALSE,FALSE,6,MT,Mindthief,Brain
gh-am-mt-14.png,./modifier_cards/MT/gh-am-mt-14.png,0,muddle,TRUE,FALSE,FALSE,6,MT,Mindthief,Brain
gh-am-mt-15.png,./modifier_cards/MT/gh-am-mt-15.png,0,muddle,TRUE,FALSE,FALSE,6,MT,Mindthief,Brain
gh-am-mt-16.png,./modifier_cards/MT/gh-am-mt-16.png,0,muddle,TRUE,FALSE,FALSE,6,MT,Mindthief,Brain
gh-am-mt-17.png,./modifier_cards/MT/gh-am-mt-17.png,0,immobilize,TRUE,FALSE,FALSE,6,MT,Mindthief,Brain
gh-am-mt-18.png,./modifier_cards/MT/gh-am-mt-18.png,0,immobilize,TRUE,FALSE,FALSE,6,MT,Mindthief,Brain
gh-am-mt-19.png,./modifier_cards/MT/gh-am-mt-19.png,0,stun,TRUE,FALSE,FALSE,6,MT,Mindthief,Brain
gh-am-mt-20.png,./modifier_cards/MT/gh-am-mt-20.png,0,disarm,TRUE,FALSE,FALSE,6,MT,Mindthief,Brain
gh-am-ns-01.png,./modifier_cards/NS/gh-am-ns-01.png,1,infusemoon,FALSE,FALSE,FALSE,10,NS,Nightshroud,Eclipse
gh-am-ns-02.png,./modifier_cards/NS/gh-am-ns-02.png,1,infusemoon,FALSE,FALSE,FALSE,10,NS,Nightshroud,Eclipse
gh-am-ns-03.png,./modifier_cards/NS/gh-am-ns-03.png,1,invisible,FALSE,FALSE,FALSE,10,NS,Nightshroud,Eclipse
gh-am-ns-04.png,./modifier_cards/NS/gh-am-ns-04.png,1,invisible,FALSE,FALSE,FALSE,10,NS,Nightshroud,Eclipse
gh-am-ns-05.png,./modifier_cards/NS/gh-am-ns-05.png,0,muddle,TRUE,FALSE,FALSE,10,NS,Nightshroud,Eclipse
gh-am-ns-06.png,./modifier_cards/NS/gh-am-ns-06.png,0,muddle,TRUE,FALSE,FALSE,10,NS,Nightshroud,Eclipse
gh-am-ns-07.png,./modifier_cards/NS/gh-am-ns-07.png,0,muddle,TRUE,FALSE,FALSE,10,NS,Nightshroud,Eclipse
gh-am-ns-08.png,./modifier_cards/NS/gh-am-ns-08.png,0,muddle,TRUE,FALSE,FALSE,10,NS,Nightshroud,Eclipse
gh-am-ns-09.png,./modifier_cards/NS/gh-am-ns-09.png,0,muddle,TRUE,FALSE,FALSE,10,NS,Nightshroud,Eclipse
gh-am-ns-10.png,./modifier_cards/NS/gh-am-ns-10.png,0,muddle,TRUE,FALSE,FALSE,10,NS,Nightshroud,Eclipse
gh-am-ns-11.png,./modifier_cards/NS/gh-am-ns-11.png,0,heal1self,TRUE,FALSE,FALSE,10,NS,Nightshroud,Eclipse
gh-am-ns-12.png,./modifier_cards/NS/gh-am-ns-12.png,0,heal1self,TRUE,FALSE,FALSE,10,NS,Nightshroud,Eclipse
gh-am-ns-13.png,./modifier_cards/NS/gh-am-ns-13.png,0,curse,TRUE,FALSE,FALSE,10,NS,Nightshroud,Eclipse
gh-am-ns-14.png,./modifier_cards/NS/gh-am-ns-14.png,0,curse,TRUE,FALSE,FALSE,10,NS,Nightshroud,Eclipse
gh-am-ns-15.png,./modifier_cards/NS/gh-am-ns-15.png,0,addtarget,TRUE,FALSE,FALSE,10,NS,Nightshroud,Eclipse
gh-am-ns-16.png,./modifier_cards/NS/gh-am-ns-16.png,1,NA,FALSE,FALSE,FALSE,10,NS,Nightshroud,Eclipse
gh-am-ns-17.png,./modifier_cards/NS/gh-am-ns-17.png,1,NA,FALSE,FALSE,FALSE,10,NS,Nightshroud,Eclipse
gh-am-ns-18.png,./modifier_cards/NS/gh-am-ns-18.png,-1,infusemoon,FALSE,FALSE,FALSE,10,NS,Nightshroud,Eclipse
gh-am-ns-19.png,./modifier_cards/NS/gh-am-ns-19.png,-1,infusemoon,FALSE,FALSE,FALSE,10,NS,Nightshroud,Eclipse
gh-am-ph-01.png,./modifier_cards/PH/gh-am-ph-01.png,0,NA,FALSE,FALSE,FALSE,11,PH,Plagueherald,Cthulu Face
gh-am-ph-02.png,./modifier_cards/PH/gh-am-ph-02.png,1,NA,FALSE,FALSE,FALSE,11,PH,Plagueherald,Cthulu Face
gh-am-ph-03.png,./modifier_cards/PH/gh-am-ph-03.png,1,NA,FALSE,FALSE,FALSE,11,PH,Plagueherald,Cthulu Face
gh-am-ph-04.png,./modifier_cards/PH/gh-am-ph-04.png,1,NA,FALSE,FALSE,FALSE,11,PH,Plagueherald,Cthulu Face
gh-am-ph-05.png,./modifier_cards/PH/gh-am-ph-05.png,1,NA,FALSE,FALSE,FALSE,11,PH,Plagueherald,Cthulu Face
gh-am-ph-06.png,./modifier_cards/PH/gh-am-ph-06.png,1,NA,FALSE,FALSE,FALSE,11,PH,Plagueherald,Cthulu Face
gh-am-ph-07.png,./modifier_cards/PH/gh-am-ph-07.png,2,NA,FALSE,FALSE,FALSE,11,PH,Plagueherald,Cthulu Face
gh-am-ph-08.png,./modifier_cards/PH/gh-am-ph-08.png,2,NA,FALSE,FALSE,FALSE,11,PH,Plagueherald,Cthulu Face
gh-am-ph-09.png,./modifier_cards/PH/gh-am-ph-09.png,1,infusewind,FALSE,FALSE,FALSE,11,PH,Plagueherald,Cthulu Face
gh-am-ph-10.png,./modifier_cards/PH/gh-am-ph-10.png,1,infusewind,FALSE,FALSE,FALSE,11,PH,Plagueherald,Cthulu Face
gh-am-ph-11.png,./modifier_cards/PH/gh-am-ph-11.png,1,infusewind,FALSE,FALSE,FALSE,11,PH,Plagueherald,Cthulu Face
gh-am-ph-12.png,./modifier_cards/PH/gh-am-ph-12.png,0,poison,TRUE,FALSE,FALSE,11,PH,Plagueherald,Cthulu Face
gh-am-ph-13.png,./modifier_cards/PH/gh-am-ph-13.png,0,poison,TRUE,FALSE,FALSE,11,PH,Plagueherald,Cthulu Face
gh-am-ph-14.png,./modifier_cards/PH/gh-am-ph-14.png,0,poison,TRUE,FALSE,FALSE,11,PH,Plagueherald,Cthulu Face
gh-am-ph-15.png,./modifier_cards/PH/gh-am-ph-15.png,0,curse,TRUE,FALSE,FALSE,11,PH,Plagueherald,Cthulu Face
gh-am-ph-16.png,./modifier_cards/PH/gh-am-ph-16.png,0,curse,TRUE,FALSE,FALSE,11,PH,Plagueherald,Cthulu Face
gh-am-ph-17.png,./modifier_cards/PH/gh-am-ph-17.png,0,immobilize,TRUE,FALSE,FALSE,11,PH,Plagueherald,Cthulu Face
gh-am-ph-18.png,./modifier_cards/PH/gh-am-ph-18.png,0,immobilize,TRUE,FALSE,FALSE,11,PH,Plagueherald,Cthulu Face
gh-am-ph-19.png,./modifier_cards/PH/gh-am-ph-19.png,0,stun,TRUE,FALSE,FALSE,11,PH,Plagueherald,Cthulu Face
gh-am-ph-20.png,./modifier_cards/PH/gh-am-ph-20.png,0,stun,TRUE,FALSE,FALSE,11,PH,Plagueherald,Cthulu Face
gh-am-qm-01.png,./modifier_cards/QM/gh-am-qm-01.png,2,NA,FALSE,FALSE,FALSE,8,QM,Quartermaster,Three Arrows
gh-am-qm-02.png,./modifier_cards/QM/gh-am-qm-02.png,2,NA,FALSE,FALSE,FALSE,8,QM,Quartermaster,Three Arrows
gh-am-qm-03.png,./modifier_cards/QM/gh-am-qm-03.png,1,NA,TRUE,FALSE,FALSE,8,QM,Quartermaster,Three Arrows
gh-am-qm-04.png,./modifier_cards/QM/gh-am-qm-04.png,1,NA,TRUE,FALSE,FALSE,8,QM,Quartermaster,Three Arrows
gh-am-qm-05.png,./modifier_cards/QM/gh-am-qm-05.png,1,NA,TRUE,FALSE,FALSE,8,QM,Quartermaster,Three Arrows
gh-am-qm-06.png,./modifier_cards/QM/gh-am-qm-06.png,1,NA,TRUE,FALSE,FALSE,8,QM,Quartermaster,Three Arrows
gh-am-qm-07.png,./modifier_cards/QM/gh-am-qm-07.png,0,muddle,TRUE,FALSE,FALSE,8,QM,Quartermaster,Three Arrows
gh-am-qm-08.png,./modifier_cards/QM/gh-am-qm-08.png,0,muddle,TRUE,FALSE,FALSE,8,QM,Quartermaster,Three Arrows
gh-am-qm-09.png,./modifier_cards/QM/gh-am-qm-09.png,0,muddle,TRUE,FALSE,FALSE,8,QM,Quartermaster,Three Arrows
gh-am-qm-10.png,./modifier_cards/QM/gh-am-qm-10.png,0,pierce3,TRUE,FALSE,FALSE,8,QM,Quartermaster,Three Arrows
gh-am-qm-11.png,./modifier_cards/QM/gh-am-qm-11.png,0,pierce3,TRUE,FALSE,FALSE,8,QM,Quartermaster,Three Arrows
gh-am-qm-12.png,./modifier_cards/QM/gh-am-qm-12.png,0,stun,TRUE,FALSE,FALSE,8,QM,Quartermaster,Three Arrows
gh-am-qm-13.png,./modifier_cards/QM/gh-am-qm-13.png,0,target,TRUE,FALSE,FALSE,8,QM,Quartermaster,Three Arrows
gh-am-qm-14.png,./modifier_cards/QM/gh-am-qm-14.png,0,refreshitem,FALSE,FALSE,FALSE,8,QM,Quartermaster,Three Arrows
gh-am-qm-15.png,./modifier_cards/QM/gh-am-qm-15.png,0,refreshitem,FALSE,FALSE,FALSE,8,QM,Quartermaster,Three Arrows
gh-am-qm-16.png,./modifier_cards/QM/gh-am-qm-16.png,0,refreshitem,FALSE,FALSE,FALSE,8,QM,Quartermaster,Three Arrows
gh-am-qm-17.png,./modifier_cards/QM/gh-am-qm-17.png,1,NA,FALSE,FALSE,FALSE,8,QM,Quartermaster,Three Arrows
gh-am-qm-18.png,./modifier_cards/QM/gh-am-qm-18.png,1,NA,FALSE,FALSE,FALSE,8,QM,Quartermaster,Three Arrows
gh-am-sb-01.png,./modifier_cards/SB/gh-am-sb-01.png,2,NA,FALSE,FALSE,FALSE,15,SB,Sawbones,Saw
gh-am-sb-02.png,./modifier_cards/SB/gh-am-sb-02.png,2,NA,FALSE,FALSE,FALSE,15,SB,Sawbones,Saw
gh-am-sb-03.png,./modifier_cards/SB/gh-am-sb-03.png,2,NA,TRUE,FALSE,FALSE,15,SB,Sawbones,Saw
gh-am-sb-04.png,./modifier_cards/SB/gh-am-sb-04.png,2,NA,TRUE,FALSE,FALSE,15,SB,Sawbones,Saw
gh-am-sb-05.png,./modifier_cards/SB/gh-am-sb-05.png,1,immobilize,FALSE,FALSE,FALSE,15,SB,Sawbones,Saw
gh-am-sb-06.png,./modifier_cards/SB/gh-am-sb-06.png,1,immobilize,FALSE,FALSE,FALSE,15,SB,Sawbones,Saw
gh-am-sb-07.png,./modifier_cards/SB/gh-am-sb-07.png,0,wound,TRUE,FALSE,FALSE,15,SB,Sawbones,Saw
gh-am-sb-08.png,./modifier_cards/SB/gh-am-sb-08.png,0,wound,TRUE,FALSE,FALSE,15,SB,Sawbones,Saw
gh-am-sb-09.png,./modifier_cards/SB/gh-am-sb-09.png,0,wound,TRUE,FALSE,FALSE,15,SB,Sawbones,Saw
gh-am-sb-10.png,./modifier_cards/SB/gh-am-sb-10.png,0,wound,TRUE,FALSE,FALSE,15,SB,Sawbones,Saw
gh-am-sb-11.png,./modifier_cards/SB/gh-am-sb-11.png,0,stun,TRUE,FALSE,FALSE,15,SB,Sawbones,Saw
gh-am-sb-12.png,./modifier_cards/SB/gh-am-sb-12.png,0,heal3self,TRUE,FALSE,FALSE,15,SB,Sawbones,Saw
gh-am-sb-13.png,./modifier_cards/SB/gh-am-sb-13.png,0,heal3self,TRUE,FALSE,FALSE,15,SB,Sawbones,Saw
gh-am-sb-14.png,./modifier_cards/SB/gh-am-sb-14.png,0,refreshitem,FALSE,FALSE,FALSE,15,SB,Sawbones,Saw
gh-am-sc-01.png,./modifier_cards/SC/gh-am-sc-01.png,0,NA,FALSE,FALSE,FALSE,4,SC,Scoundrel,Kunai
gh-am-sc-02.png,./modifier_cards/SC/gh-am-sc-02.png,1,NA,FALSE,FALSE,FALSE,4,SC,Scoundrel,Kunai
gh-am-sc-03.png,./modifier_cards/SC/gh-am-sc-03.png,2,NA,FALSE,FALSE,FALSE,4,SC,Scoundrel,Kunai
gh-am-sc-04.png,./modifier_cards/SC/gh-am-sc-04.png,2,NA,FALSE,FALSE,FALSE,4,SC,Scoundrel,Kunai
gh-am-sc-05.png,./modifier_cards/SC/gh-am-sc-05.png,1,NA,TRUE,FALSE,FALSE,4,SC,Scoundrel,Kunai
gh-am-sc-06.png,./modifier_cards/SC/gh-am-sc-06.png,1,NA,TRUE,FALSE,FALSE,4,SC,Scoundrel,Kunai
gh-am-sc-07.png,./modifier_cards/SC/gh-am-sc-07.png,1,NA,TRUE,FALSE,FALSE,4,SC,Scoundrel,Kunai
gh-am-sc-08.png,./modifier_cards/SC/gh-am-sc-08.png,1,NA,TRUE,FALSE,FALSE,4,SC,Scoundrel,Kunai
gh-am-sc-09.png,./modifier_cards/SC/gh-am-sc-09.png,0,pierce3,TRUE,FALSE,FALSE,4,SC,Scoundrel,Kunai
gh-am-sc-10.png,./modifier_cards/SC/gh-am-sc-10.png,0,pierce3,TRUE,FALSE,FALSE,4,SC,Scoundrel,Kunai
gh-am-sc-11.png,./modifier_cards/SC/gh-am-sc-11.png,0,poison,TRUE,FALSE,FALSE,4,SC,Scoundrel,Kunai
gh-am-sc-12.png,./modifier_cards/SC/gh-am-sc-12.png,0,poison,TRUE,FALSE,FALSE,4,SC,Scoundrel,Kunai
gh-am-sc-13.png,./modifier_cards/SC/gh-am-sc-13.png,0,poison,TRUE,FALSE,FALSE,4,SC,Scoundrel,Kunai
gh-am-sc-14.png,./modifier_cards/SC/gh-am-sc-14.png,0,poison,TRUE,FALSE,FALSE,4,SC,Scoundrel,Kunai
gh-am-sc-15.png,./modifier_cards/SC/gh-am-sc-15.png,0,muddle,TRUE,FALSE,FALSE,4,SC,Scoundrel,Kunai
gh-am-sc-16.png,./modifier_cards/SC/gh-am-sc-16.png,0,muddle,TRUE,FALSE,FALSE,4,SC,Scoundrel,Kunai
gh-am-sc-17.png,./modifier_cards/SC/gh-am-sc-17.png,0,invisible,TRUE,FALSE,FALSE,4,SC,Scoundrel,Kunai
gh-am-sk-01.png,./modifier_cards/SK/gh-am-sk-01.png,0,NA,FALSE,FALSE,FALSE,7,SK,Sunkeeper,Sun
gh-am-sk-02.png,./modifier_cards/SK/gh-am-sk-02.png,2,NA,FALSE,FALSE,FALSE,7,SK,Sunkeeper,Sun
gh-am-sk-03.png,./modifier_cards/SK/gh-am-sk-03.png,1,NA,TRUE,FALSE,FALSE,7,SK,Sunkeeper,Sun
gh-am-sk-04.png,./modifier_cards/SK/gh-am-sk-04.png,1,NA,TRUE,FALSE,FALSE,7,SK,Sunkeeper,Sun
gh-am-sk-05.png,./modifier_cards/SK/gh-am-sk-05.png,1,NA,TRUE,FALSE,FALSE,7,SK,Sunkeeper,Sun
gh-am-sk-06.png,./modifier_cards/SK/gh-am-sk-06.png,1,NA,TRUE,FALSE,FALSE,7,SK,Sunkeeper,Sun
gh-am-sk-07.png,./modifier_cards/SK/gh-am-sk-07.png,1,heal1self,TRUE,FALSE,FALSE,7,SK,Sunkeeper,Sun
gh-am-sk-08.png,./modifier_cards/SK/gh-am-sk-08.png,1,heal1self,TRUE,FALSE,FALSE,7,SK,Sunkeeper,Sun
gh-am-sk-09.png,./modifier_cards/SK/gh-am-sk-09.png,1,heal1self,TRUE,FALSE,FALSE,7,SK,Sunkeeper,Sun
gh-am-sk-10.png,./modifier_cards/SK/gh-am-sk-10.png,1,heal1self,TRUE,FALSE,FALSE,7,SK,Sunkeeper,Sun
gh-am-sk-11.png,./modifier_cards/SK/gh-am-sk-11.png,0,stun,TRUE,FALSE,FALSE,7,SK,Sunkeeper,Sun
gh-am-sk-12.png,./modifier_cards/SK/gh-am-sk-12.png,0,infusesun,TRUE,FALSE,FALSE,7,SK,Sunkeeper,Sun
gh-am-sk-13.png,./modifier_cards/SK/gh-am-sk-13.png,0,infusesun,TRUE,FALSE,FALSE,7,SK,Sunkeeper,Sun
gh-am-sk-14.png,./modifier_cards/SK/gh-am-sk-14.png,0,infusesun,TRUE,FALSE,FALSE,7,SK,Sunkeeper,Sun
gh-am-sk-15.png,./modifier_cards/SK/gh-am-sk-15.png,0,infusesun,TRUE,FALSE,FALSE,7,SK,Sunkeeper,Sun
gh-am-sk-16.png,./modifier_cards/SK/gh-am-sk-16.png,0,shield1self,TRUE,FALSE,FALSE,7,SK,Sunkeeper,Sun
gh-am-sk-17.png,./modifier_cards/SK/gh-am-sk-17.png,0,shield1self,TRUE,FALSE,FALSE,7,SK,Sunkeeper,Sun
gh-am-sk-18.png,./modifier_cards/SK/gh-am-sk-18.png,1,NA,FALSE,FALSE,FALSE,7,SK,Sunkeeper,Sun
gh-am-sk-19.png,./modifier_cards/SK/gh-am-sk-19.png,1,NA,FALSE,FALSE,FALSE,7,SK,Sunkeeper,Sun
gh-am-ss-01.png,./modifier_cards/SS/gh-am-ss-01.png,4,NA,FALSE,FALSE,FALSE,13,SS,Soothsinger,Music Note
gh-am-ss-02.png,./modifier_cards/SS/gh-am-ss-02.png,4,NA,FALSE,FALSE,FALSE,13,SS,Soothsinger,Music Note
gh-am-ss-03.png,./modifier_cards/SS/gh-am-ss-03.png,1,immobilize,FALSE,FALSE,FALSE,13,SS,Soothsinger,Music Note
gh-am-ss-04.png,./modifier_cards/SS/gh-am-ss-04.png,1,disarm,FALSE,FALSE,FALSE,13,SS,Soothsinger,Music Note
gh-am-ss-05.png,./modifier_cards/SS/gh-am-ss-05.png,2,wound,FALSE,FALSE,FALSE,13,SS,Soothsinger,Music Note
gh-am-ss-06.png,./modifier_cards/SS/gh-am-ss-06.png,2,poison,FALSE,FALSE,FALSE,13,SS,Soothsinger,Music Note
gh-am-ss-07.png,./modifier_cards/SS/gh-am-ss-07.png,2,curse,FALSE,FALSE,FALSE,13,SS,Soothsinger,Music Note
gh-am-ss-08.png,./modifier_cards/SS/gh-am-ss-08.png,3,muddle,FALSE,FALSE,FALSE,13,SS,Soothsinger,Music Note
gh-am-ss-09.png,./modifier_cards/SS/gh-am-ss-09.png,0,stun,FALSE,FALSE,FALSE,13,SS,Soothsinger,Music Note
gh-am-ss-10.png,./modifier_cards/SS/gh-am-ss-10.png,1,NA,TRUE,FALSE,FALSE,13,SS,Soothsinger,Music Note
gh-am-ss-11.png,./modifier_cards/SS/gh-am-ss-11.png,1,NA,TRUE,FALSE,FALSE,13,SS,Soothsinger,Music Note
gh-am-ss-12.png,./modifier_cards/SS/gh-am-ss-12.png,1,NA,TRUE,FALSE,FALSE,13,SS,Soothsinger,Music Note
gh-am-ss-13.png,./modifier_cards/SS/gh-am-ss-13.png,0,curse,TRUE,FALSE,FALSE,13,SS,Soothsinger,Music Note
gh-am-ss-14.png,./modifier_cards/SS/gh-am-ss-14.png,0,curse,TRUE,FALSE,FALSE,13,SS,Soothsinger,Music Note
gh-am-ss-15.png,./modifier_cards/SS/gh-am-ss-15.png,0,curse,TRUE,FALSE,FALSE,13,SS,Soothsinger,Music Note
gh-am-ss-16.png,./modifier_cards/SS/gh-am-ss-16.png,0,curse,TRUE,FALSE,FALSE,13,SS,Soothsinger,Music Note
gh-am-su-01.png,./modifier_cards/SU/gh-am-su-01.png,0,NA,FALSE,FALSE,FALSE,9,SU,Summoner,Circles
gh-am-su-02.png,./modifier_cards/SU/gh-am-su-02.png,1,NA,FALSE,FALSE,FALSE,9,SU,Summoner,Circles
gh-am-su-03.png,./modifier_cards/SU/gh-am-su-03.png,1,NA,FALSE,FALSE,FALSE,9,SU,Summoner,Circles
gh-am-su-04.png,./modifier_cards/SU/gh-am-su-04.png,1,NA,FALSE,FALSE,FALSE,9,SU,Summoner,Circles
gh-am-su-05.png,./modifier_cards/SU/gh-am-su-05.png,1,NA,FALSE,FALSE,FALSE,9,SU,Summoner,Circles
gh-am-su-06.png,./modifier_cards/SU/gh-am-su-06.png,1,NA,FALSE,FALSE,FALSE,9,SU,Summoner,Circles
gh-am-su-07.png,./modifier_cards/SU/gh-am-su-07.png,2,NA,FALSE,FALSE,FALSE,9,SU,Summoner,Circles
gh-am-su-08.png,./modifier_cards/SU/gh-am-su-08.png,2,NA,FALSE,FALSE,FALSE,9,SU,Summoner,Circles
gh-am-su-09.png,./modifier_cards/SU/gh-am-su-09.png,0,wound,TRUE,FALSE,FALSE,9,SU,Summoner,Circles
gh-am-su-10.png,./modifier_cards/SU/gh-am-su-10.png,0,wound,TRUE,FALSE,FALSE,9,SU,Summoner,Circles
gh-am-su-11.png,./modifier_cards/SU/gh-am-su-11.png,0,poison,TRUE,FALSE,FALSE,9,SU,Summoner,Circles
gh-am-su-12.png,./modifier_cards/SU/gh-am-su-12.png,0,poison,TRUE,FALSE,FALSE,9,SU,Summoner,Circles
gh-am-su-13.png,./modifier_cards/SU/gh-am-su-13.png,0,heal1self,TRUE,FALSE,FALSE,9,SU,Summoner,Circles
gh-am-su-14.png,./modifier_cards/SU/gh-am-su-14.png,0,heal1self,TRUE,FALSE,FALSE,9,SU,Summoner,Circles
gh-am-su-15.png,./modifier_cards/SU/gh-am-su-15.png,0,heal1self,TRUE,FALSE,FALSE,9,SU,Summoner,Circles
gh-am-su-16.png,./modifier_cards/SU/gh-am-su-16.png,0,heal1self,TRUE,FALSE,FALSE,9,SU,Summoner,Circles
gh-am-su-17.png,./modifier_cards/SU/gh-am-su-17.png,0,heal1self,TRUE,FALSE,FALSE,9,SU,Summoner,Circles
gh-am-su-18.png,./modifier_cards/SU/gh-am-su-18.png,0,heal1self,TRUE,FALSE,FALSE,9,SU,Summoner,Circles
gh-am-su-19.png,./modifier_cards/SU/gh-am-su-19.png,0,infusefire,TRUE,FALSE,FALSE,9,SU,Summoner,Circles
gh-am-su-20.png,./modifier_cards/SU/gh-am-su-20.png,0,infusewind,TRUE,FALSE,FALSE,9,SU,Summoner,Circles
gh-am-su-21.png,./modifier_cards/SU/gh-am-su-21.png,0,infusemoon,TRUE,FALSE,FALSE,9,SU,Summoner,Circles
gh-am-su-22.png,./modifier_cards/SU/gh-am-su-22.png,0,infuseearth,TRUE,FALSE,FALSE,9,SU,Summoner,Circles
gh-am-sw-01.png,./modifier_cards/SW/gh-am-sw-01.png,1,NA,FALSE,FALSE,FALSE,3,SW,Spellweaver,Star
gh-am-sw-02.png,./modifier_cards/SW/gh-am-sw-02.png,1,NA,FALSE,FALSE,FALSE,3,SW,Spellweaver,Star
gh-am-sw-03.png,./modifier_cards/SW/gh-am-sw-03.png,1,NA,FALSE,FALSE,FALSE,3,SW,Spellweaver,Star
gh-am-sw-04.png,./modifier_cards/SW/gh-am-sw-04.png,1,NA,FALSE,FALSE,FALSE,3,SW,Spellweaver,Star
gh-am-sw-05.png,./modifier_cards/SW/gh-am-sw-05.png,1,NA,FALSE,FALSE,FALSE,3,SW,Spellweaver,Star
gh-am-sw-06.png,./modifier_cards/SW/gh-am-sw-06.png,1,NA,FALSE,FALSE,FALSE,3,SW,Spellweaver,Star
gh-am-sw-07.png,./modifier_cards/SW/gh-am-sw-07.png,0,stun,FALSE,FALSE,FALSE,3,SW,Spellweaver,Star
gh-am-sw-08.png,./modifier_cards/SW/gh-am-sw-08.png,1,wound,FALSE,FALSE,FALSE,3,SW,Spellweaver,Star
gh-am-sw-09.png,./modifier_cards/SW/gh-am-sw-09.png,1,immobilize,FALSE,FALSE,FALSE,3,SW,Spellweaver,Star
gh-am-sw-10.png,./modifier_cards/SW/gh-am-sw-10.png,1,curse,FALSE,FALSE,FALSE,3,SW,Spellweaver,Star
gh-am-sw-11.png,./modifier_cards/SW/gh-am-sw-11.png,2,infusefire,FALSE,FALSE,FALSE,3,SW,Spellweaver,Star
gh-am-sw-12.png,./modifier_cards/SW/gh-am-sw-12.png,2,infusefire,FALSE,FALSE,FALSE,3,SW,Spellweaver,Star
gh-am-sw-13.png,./modifier_cards/SW/gh-am-sw-13.png,2,infuseice,FALSE,FALSE,FALSE,3,SW,Spellweaver,Star
gh-am-sw-14.png,./modifier_cards/SW/gh-am-sw-14.png,2,infuseice,FALSE,FALSE,FALSE,3,SW,Spellweaver,Star
gh-am-sw-15.png,./modifier_cards/SW/gh-am-sw-15.png,0,infuseearth,TRUE,FALSE,FALSE,3,SW,Spellweaver,Star
gh-am-sw-16.png,./modifier_cards/SW/gh-am-sw-16.png,0,infusewind,TRUE,FALSE,FALSE,3,SW,Spellweaver,Star
gh-am-sw-17.png,./modifier_cards/SW/gh-am-sw-17.png,0,infusesun,TRUE,FALSE,FALSE,3,SW,Spellweaver,Star
gh-am-sw-18.png,./modifier_cards/SW/gh-am-sw-18.png,0,infusemoon,TRUE,FALSE,FALSE,3,SW,Spellweaver,Star
gh-am-ti-01.png,./modifier_cards/TI/gh-am-ti-01.png,0,NA,FALSE,FALSE,FALSE,2,TI,Tinkerer,Gear
gh-am-ti-02.png,./modifier_cards/TI/gh-am-ti-02.png,1,NA,FALSE,FALSE,FALSE,2,TI,Tinkerer,Gear
gh-am-ti-03.png,./modifier_cards/TI/gh-am-ti-03.png,1,NA,FALSE,FALSE,FALSE,2,TI,Tinkerer,Gear
gh-am-ti-04.png,./modifier_cards/TI/gh-am-ti-04.png,3,NA,FALSE,FALSE,FALSE,2,TI,Tinkerer,Gear
gh-am-ti-05.png,./modifier_cards/TI/gh-am-ti-05.png,0,infusefire,TRUE,FALSE,FALSE,2,TI,Tinkerer,Gear
gh-am-ti-06.png,./modifier_cards/TI/gh-am-ti-06.png,0,infusefire,TRUE,FALSE,FALSE,2,TI,Tinkerer,Gear
gh-am-ti-07.png,./modifier_cards/TI/gh-am-ti-07.png,0,muddle,TRUE,FALSE,FALSE,2,TI,Tinkerer,Gear
gh-am-ti-08.png,./modifier_cards/TI/gh-am-ti-08.png,0,muddle,TRUE,FALSE,FALSE,2,TI,Tinkerer,Gear
gh-am-ti-09.png,./modifier_cards/TI/gh-am-ti-09.png,0,muddle,TRUE,FALSE,FALSE,2,TI,Tinkerer,Gear
gh-am-ti-10.png,./modifier_cards/TI/gh-am-ti-10.png,1,wound,FALSE,FALSE,FALSE,2,TI,Tinkerer,Gear
gh-am-ti-11.png,./modifier_cards/TI/gh-am-ti-11.png,1,wound,FALSE,FALSE,FALSE,2,TI,Tinkerer,Gear
gh-am-ti-12.png,./modifier_cards/TI/gh-am-ti-12.png,1,immobilize,FALSE,FALSE,FALSE,2,TI,Tinkerer,Gear
gh-am-ti-13.png,./modifier_cards/TI/gh-am-ti-13.png,1,immobilize,FALSE,FALSE,FALSE,2,TI,Tinkerer,Gear
gh-am-ti-14.png,./modifier_cards/TI/gh-am-ti-14.png,1,heal2self,FALSE,FALSE,FALSE,2,TI,Tinkerer,Gear
gh-am-ti-15.png,./modifier_cards/TI/gh-am-ti-15.png,1,heal2self,FALSE,FALSE,FALSE,2,TI,Tinkerer,Gear
gh-am-ti-16.png,./modifier_cards/TI/gh-am-ti-16.png,0,addtarget,FALSE,FALSE,FALSE,2,TI,Tinkerer,Gear